{"cameraMode":{"drawMode":0,"name":"Shaded","section":"Shading Mode"},"sceneLighting":false,"audioPlay":false,"sceneViewState":{"m_AlwaysRefresh":false,"showFog":true,"showSkybox":false,"showFlares":true,"showImageEffects":true,"showParticleSystems":true,"showVisualEffectGraphs":true,"m_FxEnabled":true},"in2DMode":false,"pivot":{"x":-636.4500122070313,"y":1404.6099853515625,"z":2283.306884765625},"rotation":{"x":0.14383791387081147,"y":0.12433919310569763,"z":-0.018220020458102227,"w":0.9815906882286072},"size":13.052021026611329,"orthographic":false}